{"cameraMode":{"drawMode":0,"name":"Shaded","section":"Shading Mode"},"sceneLighting":true,"audioPlay":false,"sceneViewState":{"showFog":true,"showMaterialUpdate":false,"showSkybox":true,"showFlares":true,"showImageEffects":true,"showParticleSystems":true,"showVisualEffectGraphs":true,"m_FxEnabled":true},"in2DMode":false,"pivot":{"x":25.990158081054689,"y":8.277449607849121,"z":12.480525970458985},"rotation":{"x":0.06118045747280121,"y":-0.8729072213172913,"z":0.47054144740104678,"w":0.11349678784608841},"size":9.379796981811524,"orthographic":false}