{"cameraMode":{"drawMode":0,"name":"Shaded","section":"Shading Mode"},"sceneLighting":true,"audioPlay":false,"sceneViewState":{"showFog":true,"showMaterialUpdate":false,"showSkybox":true,"showFlares":true,"showImageEffects":true,"showParticleSystems":true,"showVisualEffectGraphs":true,"m_FxEnabled":true},"in2DMode":false,"pivot":{"x":34.13453674316406,"y":0.058261871337890628,"z":37.88884735107422},"rotation":{"x":0.2704249918460846,"y":-0.14089173078536988,"z":0.04004129394888878,"w":0.9515342712402344},"size":33.27915954589844,"orthographic":false}