{"cameraMode":{"drawMode":0,"name":"Shaded","section":"Shading Mode"},"sceneLighting":true,"audioPlay":false,"sceneViewState":{"showFog":true,"showMaterialUpdate":false,"showSkybox":true,"showFlares":true,"showImageEffects":true,"showParticleSystems":true,"showVisualEffectGraphs":true,"m_FxEnabled":true},"in2DMode":false,"pivot":{"x":25.83611488342285,"y":13.606620788574219,"z":-22.591907501220704},"rotation":{"x":0.3683371841907501,"y":-0.02788461744785309,"z":0.011053436435759068,"w":0.9292082190513611},"size":11.984926223754883,"orthographic":false}