{"cameraMode":{"drawMode":0,"name":"Shaded","section":"Shading Mode"},"sceneLighting":true,"audioPlay":false,"sceneViewState":{"showFog":true,"showMaterialUpdate":false,"showSkybox":true,"showFlares":true,"showImageEffects":true,"showParticleSystems":true,"showVisualEffectGraphs":true,"m_FxEnabled":true},"in2DMode":false,"pivot":{"x":18.916093826293947,"y":11.651464462280274,"z":-26.340625762939454},"rotation":{"x":0.3626241087913513,"y":-0.28380781412124636,"z":0.11695892363786698,"w":0.8799306154251099},"size":7.294033050537109,"orthographic":false}