{"cameraMode":{"drawMode":0,"name":"Shaded","section":"Shading Mode"},"sceneLighting":true,"audioPlay":false,"sceneViewState":{"showFog":true,"showMaterialUpdate":false,"showSkybox":true,"showFlares":true,"showImageEffects":true,"showParticleSystems":true,"showVisualEffectGraphs":true,"m_FxEnabled":true},"in2DMode":false,"pivot":{"x":27.524612426757814,"y":-2.1237430572509767,"z":2.0875144004821779},"rotation":{"x":-0.15980015695095063,"y":-0.6897949576377869,"z":0.16028130054473878,"w":-0.6877224445343018},"size":24.705690383911134,"orthographic":false}