{"cameraMode":{"drawMode":0,"name":"Shaded","section":"Shading Mode"},"sceneLighting":true,"audioPlay":false,"sceneViewState":{"showFog":true,"showMaterialUpdate":false,"showSkybox":true,"showFlares":true,"showImageEffects":true,"showParticleSystems":true,"showVisualEffectGraphs":true,"m_FxEnabled":true},"in2DMode":false,"pivot":{"x":14.201704025268555,"y":3.603300094604492,"z":-13.134456634521485},"rotation":{"x":-0.19066433608531953,"y":-0.040326204150915149,"z":0.007815999910235405,"w":-0.980809211730957},"size":14.821495056152344,"orthographic":true}