{"cameraMode":{"drawMode":0,"name":"Shaded","section":"Shading Mode"},"sceneLighting":true,"audioPlay":false,"sceneViewState":{"showFog":true,"showMaterialUpdate":false,"showSkybox":true,"showFlares":true,"showImageEffects":true,"showParticleSystems":true,"showVisualEffectGraphs":true,"m_FxEnabled":true},"in2DMode":false,"pivot":{"x":14.201704025268555,"y":3.603300094604492,"z":-13.134456634521485},"rotation":{"x":-0.20883098244667054,"y":0.23583713173866273,"z":-0.05197415500879288,"w":-0.9476681351661682},"size":31.731094360351564,"orthographic":true}