{"cameraMode":{"drawMode":0,"name":"Shaded","section":"Shading Mode"},"sceneLighting":true,"audioPlay":false,"sceneViewState":{"showFog":true,"showMaterialUpdate":false,"showSkybox":true,"showFlares":true,"showImageEffects":true,"showParticleSystems":true,"showVisualEffectGraphs":true,"m_FxEnabled":true},"in2DMode":false,"pivot":{"x":14.201704025268555,"y":3.603300094604492,"z":-13.134456634521485},"rotation":{"x":0.07492931932210922,"y":0.001494785537943244,"z":-0.00011312331480439752,"w":0.9971908926963806},"size":26.013866424560548,"orthographic":true}