{"cameraMode":{"drawMode":0,"name":"Shaded","section":"Shading Mode"},"sceneLighting":true,"audioPlay":false,"sceneViewState":{"showFog":true,"showMaterialUpdate":false,"showSkybox":true,"showFlares":true,"showImageEffects":true,"showParticleSystems":true,"showVisualEffectGraphs":true,"m_FxEnabled":true},"in2DMode":false,"pivot":{"x":16.115957260131837,"y":-1.1302475929260255,"z":-5.656770706176758},"rotation":{"x":0.3297404646873474,"y":-0.06648178398609162,"z":0.023285243660211564,"w":0.9414399266242981},"size":19.337024688720704,"orthographic":false}