{"cameraMode":{"drawMode":0,"name":"Shaded","section":"Shading Mode"},"sceneLighting":true,"audioPlay":false,"sceneViewState":{"showFog":true,"showMaterialUpdate":false,"showSkybox":true,"showFlares":true,"showImageEffects":true,"showParticleSystems":true,"showVisualEffectGraphs":true,"m_FxEnabled":true},"in2DMode":false,"pivot":{"x":18.72740936279297,"y":2.8341903686523439,"z":-9.853780746459961},"rotation":{"x":0.4376409351825714,"y":-0.009440775029361248,"z":0.004595397040247917,"w":0.8990885615348816},"size":20.292200088500978,"orthographic":true}