{"cameraMode":{"drawMode":0,"name":"Shaded","section":"Shading Mode"},"sceneLighting":true,"audioPlay":false,"sceneViewState":{"showFog":true,"showMaterialUpdate":false,"showSkybox":true,"showFlares":true,"showImageEffects":true,"showParticleSystems":true,"showVisualEffectGraphs":true,"m_FxEnabled":true},"in2DMode":false,"pivot":{"x":81.24514770507813,"y":43.64038848876953,"z":32.869598388671878},"rotation":{"x":0.22249257564544679,"y":-0.20299355685710908,"z":0.04742256924510002,"w":0.9523845314979553},"size":22.796709060668947,"orthographic":false}