{"cameraMode":{"drawMode":0,"name":"Shaded","section":"Shading Mode"},"sceneLighting":true,"audioPlay":false,"sceneViewState":{"showFog":true,"showMaterialUpdate":false,"showSkybox":true,"showFlares":true,"showImageEffects":true,"showParticleSystems":true,"showVisualEffectGraphs":true,"m_FxEnabled":true},"in2DMode":false,"pivot":{"x":38.957000732421878,"y":1.0193758010864258,"z":10.199882507324219},"rotation":{"x":0.2014053612947464,"y":-0.6301494836807251,"z":0.17399004101753236,"w":0.7294360399246216},"size":14.774759292602539,"orthographic":false}