{"cameraMode":{"drawMode":0,"name":"Shaded","section":"Shading Mode"},"sceneLighting":true,"audioPlay":false,"sceneViewState":{"showFog":true,"showMaterialUpdate":false,"showSkybox":true,"showFlares":true,"showImageEffects":true,"showParticleSystems":true,"showVisualEffectGraphs":true,"m_FxEnabled":true},"in2DMode":false,"pivot":{"x":26.087053298950197,"y":4.74627685546875,"z":-9.142860412597657},"rotation":{"x":0.18787138164043427,"y":-0.007366349454969168,"z":0.0014090723125264049,"w":0.9821634292602539},"size":21.815032958984376,"orthographic":false}