{"cameraMode":{"drawMode":0,"name":"Shaded","section":"Shading Mode"},"sceneLighting":true,"audioPlay":false,"sceneViewState":{"showFog":true,"showMaterialUpdate":false,"showSkybox":true,"showFlares":true,"showImageEffects":true,"showParticleSystems":true,"showVisualEffectGraphs":true,"m_FxEnabled":true},"in2DMode":false,"pivot":{"x":18.88863754272461,"y":17.342571258544923,"z":-5.595733642578125},"rotation":{"x":0.16868653893470765,"y":-0.0059139784425497059,"z":0.0010121288942173124,"w":0.985651433467865},"size":49.10238265991211,"orthographic":false}